Countries,Destinations,Activities
Germany,Danube Cycle Path,Cycling
Germany,Romantic Road,Cycling
Italy,Via Francigena,Cycling
Austria,Elbe Cycle Path,Cycling
Austria,Camino Frances,Cycling
Austria,Tauern Cycle Trail,Cycling
Bulgaria,Iron Curtain Trail,Cycling
England,Baltic Sea Cycle,Cycling
England,Holland Junction Network,Cycling
England,Cornish Coastal Way,Cycling
Albania,Cycle the Backroads of Albania,Cycling
Germany,The Danube Cycle Path,Cycling
Germany,The Iron Curtain Gravel Trail,Cycling
England,The North Sea Cycle Route,Cycling
Norway,Fat Biking Through the Arctic Circle,Cycling
Netherlands,"The Green Divide, Netherlands",Cycling
Iceland,The Iceland Divide,Cycling
England,Bikepacking in the Peak District,Cycling
France,The Camino Franc√©s (Camino de Santiago),Cycling
Croatia,The Parenzana,Cycling
Georgia,Bike Touring in Georgia,Cycling
Germany,The Heckmair Transalp,Cycling
Sweden,The Kungsleden,Cycling
Spain,The Catalunya Trail,Cycling
Italy,The Tuscany Trail,Cycling
Slovenia,Trans-Slovenia Alp Crossing ,Cycling
Ireland,"The Wild Atlantic Way, Ireland",Cycling
Portugal,The Atlantic Coast of Portugal,Cycling
France,Grand Traversee du Massif Central,Cycling
Norway,The European Divide Trail,Cycling
