Countries,Destinations,Activity
Spain,El Camino de Santiago,Hiking
France,Mont Blanc,Hiking
Switzerland,Haute Route,Hiking
Norway,Nordkalottruta,Hiking
Bulgaria,Kom Emine,Hiking
Iceland,Laugavegur and Fimmvörðuháls,Hiking
Scotland,West Highland Way,Hiking
Italy,Grande Traversata delle Alpi,Hiking
Wales,Pembrokeshire Coastal Path,Hiking
Sweden,Kungsleden,Hiking
Slovenia,Slovenian Mountain,Hiking
Italy,Cinque Terre Coastal Trail,Hiking
France,Mont Blanc,Hiking
Norway,Norwegian Fjords,Hiking
Slovenia,Mount Triglav,Hiking
Georgia,Caucasus Mountains,Hiking
The Balkans,Via Dinarica,Hiking
Scotland,West Highland Way,Hiking
Italy,Monte Rosa,Hiking
Spain,Canary Islands,Hiking
Iceland,Laugavegurinn,Hiking
Switzerland,Haute Route,Hiking
Slovakia,High Tatras,Hiking
Corsica,GR20,Hiking
France,Mont Blanc,Hiking
Italy,Gran Paradiso National Park,Hiking
Croatia,Plitvice Lakes National Park,Hiking
Switzerland,Circumnavigating Matterhorn,Hiking
Spain,El Caminito Del Ray,Hiking
Norway,Trolltunga,Hiking
France,Mt. Buet,Hiking
Montenegro,Ladder of Kotor,Hiking
Switzerland,Schwarzhorn,Hiking
Madeira,Pico do Areeiro,Hiking
Norway,Besseggen Ridge,Hiking
Poland,MorskieOko Lake to Rysy Park,Hiking
Norway,Svartisen Glacier,Hiking
France,Lac Blanc,Hiking
Spain,Flysch Route,Hiking
UK,Helvellyn,Hiking
Portugal,Seven Hanging Valleys,Hiking
Switzerland,Lauterbrunnen,Hiking
North Cap,Knivskjellodden,Hiking
Germany,Goethe's Path,Hiking
Greece,Samaria Gorge,Hiking
Italy,Three peaks,Hiking
Slovenia,Mount Triglav,Hiking
Norway,Kjeragbolten,Hiking
Croatia,Plitvice Lakes National Park,Hiking
Slovakia,High Tatras,Hiking
Scotland,Fairy Pools,Hiking
Norway,Stavanger,Hiking
France,Mont Blanc,Hiking
Italy,Alta Via 1,Hiking
Sweden,Kings Trail,Hiking
Corsica,GR20,Hiking
UK,England's Coast to Coast,Hiking
Italy,Cinque Terre,Hiking
Switzerland,Haute Route,Hiking
Austria,Eagles Walk,Hiking
Germany,Westweg,Hiking
Spain,Camino de Santiago,Hiking
Scotland,West Highland Way,Hiking
Switzerland,Monte Rosa,Hiking
Switzerland,Circumventing Matterhorn,Hiking
France,GR10,Hiking
Iceland,Hot Spring Route,Hiking
Spain,Central Picos Circuit,Hiking
Romania,Transylvanian Mountain Trail,Hiking
Slovenia,Slovenian Mountain,Hiking
The Balkans,Via Dinarica,Hiking
Spain,Camino Dos Faros,Hiking
Norway,Hardangervidda Transverse,Hiking
Iceland,Laugavegurinn,Hiking
Luxembourg,Mullerthal,Hiking
France,Mont Blanc,Hiking
Italy,Alta via 1,Hiking
Sweden,Kings Trail,Hiking
Corsica,Gr20,Hiking
Iceland,Hot spring route,Hiking
Slovenia,Slovenian mountain trail,Hiking
Switzerland,Haute route,Hiking
Italy,Cinque terre coastal trail,Hiking
Austria,Eagles walk,Hiking
Spain,Camino de santiago,Hiking
Germany,Westweg trail,Hiking
Scotland,West highland way,Hiking
Spain,Central picos circuit,Hiking
Romania,Retezat mountains,Hiking
Norway,Hardangervidda transverse,Hiking
England,Pennine Way,Hiking
Slovenia,Slovene Mountain Trail,Hiking
Georgia,Transcaucasian Trail,Hiking
Sweden,Kungsleden,Hiking
Germany,Harz Border Trail,Hiking
Iceland,Hornstrandir Trail,Hiking
France,Mercantour Traverse,Hiking
Switzerland,Mettelhorn,Hiking
Corsica,GR20,Hiking
